P,I,D
24.9829,  7.3636, -2.7284
 22.9514,  7.6756, -4.1834
 20.6402,  7.9552, -4.7439
 18.9271,  8.2135, -3.5425
 18.2905,  8.4621, -1.3109
 15.9371,  8.6782, -4.8344
 13.9724,  8.8687, -4.0592
 11.8858,  9.0297, -4.2828
  8.7461,  9.1491, -6.4923
  6.9489,  9.2435, -3.7009
  5.2172,  9.3144, -3.5648
  3.3893,  9.3605, -3.7657
  1.0477,  9.3747, -4.8222
  0.0000,  9.3747, -2.1548
  0.0000,  9.3747,  0.0000
 -1.1847,  9.3586, -2.4437
 -2.7412,  9.3219, -3.1619
 -5.2941,  9.2501, -5.2420
 -7.5959,  9.1468, -4.7420
 -9.3726,  9.0194, -3.6588
-10.2367,  8.8802, -1.7802
-12.9509,  8.7037, -5.6056
-15.1455,  8.4983, -4.5100
-16.6803,  8.2710, -3.1684
-19.1197,  8.0112, -5.0236
-21.6061,  7.7183, -5.1055
-25.3525,  7.3745, -7.6992
-29.2894,  6.9751, -8.1341
-33.5408,  6.5196, -8.7477
-37.3535,  6.0111, -7.8645
-40.9954,  5.4541, -7.4968
-44.1950,  4.8514, -6.6109
-46.5802,  4.2204, -4.8957
-48.0521,  3.5668, -3.0336
-48.9544,  2.9033, -1.8527
-49.6204,  2.2270, -1.3756
-49.2925,  1.5554,  0.6770
-47.8609,  0.8979,  2.9797
-46.3126,  0.2747,  3.1569
-43.9992, -0.3273,  4.7955
-42.3303, -0.9012,  3.4282
-41.1015, -1.4598,  2.5306
-38.7846, -1.9839,  4.7436
-36.6876, -2.4842,  4.3327
-34.7703, -2.9553,  3.9352
-33.7013, -3.4148,  2.2087
-32.7257, -3.8581,  2.0025
-32.3500, -4.2982,  0.7743
-32.4687, -4.7426, -0.2461
-31.8681, -5.1784,  1.2444
-31.5186, -5.6015,  0.7108
-31.1109, -6.0301,  0.8510
-28.8465, -6.4208,  4.6477
-28.2496, -6.8021,  1.2208
-27.1488, -7.1705,  2.2631
-24.9495, -7.5117,  4.5570
-23.3189, -7.8256,  3.3261
-22.2858, -8.1295,  2.1345
-20.6559, -8.4103,  3.3564
-19.2093, -8.6729,  2.9963
-17.5154, -8.9097,  3.4710
-15.2560, -9.1180,  4.6720
-13.6433, -9.3026,  3.3073
-12.7679, -9.4768,  1.8095
-11.2933, -9.6299,  3.0279
-10.3668, -9.7709,  1.9096
 -9.0213, -9.8930,  2.7593
 -7.8763,-10.0009,  2.3764
 -7.0015,-10.0956,  1.7934
 -5.8657,-10.1759,  2.3564
 -4.3188,-10.2342,  3.1632
 -2.0884,-10.2627,  4.6120
 -1.3778,-10.2813,  1.4537
 -0.0163,-10.2815,  2.8338
  0.0000,-10.2815,  0.0337
  0.0000,-10.2815,  0.0000
  1.0848,-10.2671,  2.1907
  2.9373,-10.2275,  3.7804
  3.8998,-10.1745,  1.9821
  5.2463,-10.1032,  2.7729
  7.0168,-10.0079,  3.6444
  7.6212, -9.9042,  1.2462
  8.5787, -9.7876,  1.9719
 10.2902, -9.6477,  3.5245
 11.9596, -9.4851,  3.4393
 13.3796, -9.3032,  2.9254
 15.1074, -9.0978,  3.5582
 16.8287, -8.8691,  3.5446
 18.8721, -8.6126,  4.2080
 21.0194, -8.3267,  4.4256
 22.9099, -8.0145,  3.9028
 24.7010, -7.6794,  3.6825
 26.8069, -7.3152,  4.3348
 29.7931, -6.9099,  6.1547
 32.5046, -6.4676,  5.5909
 34.6065, -5.9976,  4.3248
 37.3833, -5.4893,  5.7208
 39.6981, -4.9493,  4.7708
 41.1023, -4.3911,  2.8892
 41.3987, -3.8280,  0.6110
 40.6133, -3.2694, -1.6368
 39.5625, -2.7383, -2.1371
 38.0366, -2.2209, -3.1450
 36.1895, -1.7284, -3.8084
 33.8665, -1.2689, -4.7760
 32.2225, -0.8308, -3.3868
 30.0688, -0.4180, -4.4791
 27.9717, -0.0388, -4.3077
 25.9161,  0.3156, -4.2593
 23.4390,  0.6321, -5.0676
 21.3143,  0.9231, -4.3953
 18.9210,  1.1786, -4.8960
 16.6908,  1.4039, -4.5626
 14.0408,  1.5955, -5.4796
 10.9956,  1.7449, -6.2685
  8.8091,  1.8643, -4.4898
  7.1624,  1.9621, -3.4051
  4.9787,  2.0297, -4.4932
  2.8590,  2.0686, -4.3759
  0.7027,  2.0781, -4.4221
  0.0000,  2.0781, -1.4573
  0.0000,  2.0781,  0.0000
 -0.7875,  2.0674, -1.6210
 -3.2056,  2.0243, -4.9306
 -6.3430,  1.9386, -6.4210
 -8.7228,  1.8201, -4.8987
-10.7998,  1.6727, -4.2949
-13.9611,  1.4824, -6.5288
-17.2017,  1.2498, -6.6405
-19.4189,  0.9860, -4.5639
-21.4489,  0.6916, -4.2218
-24.8099,  0.3532, -6.9443
-28.0608, -0.0259, -6.6561
-31.2631, -0.4535, -6.6352
-35.1314, -0.9284, -7.9235
-38.5469, -1.4534, -7.0481
-40.9263, -2.0048, -4.8576
-43.4879, -2.5959, -5.2754
-45.5279, -3.2150, -4.2027
-45.9782, -3.8427, -0.9314
-45.8721, -4.4718,  0.2204
-44.7664, -5.0805,  2.2779
-42.7197, -5.6554,  4.1732
-40.8480, -6.2117,  3.8624
-38.8065, -6.7383,  4.1971
-37.6183, -7.2496,  2.4470
-37.0260, -7.7512,  1.2157
-35.9292, -8.2415,  2.2680
-35.1315, -8.7192,  1.6434
-36.2214, -9.2113, -2.2436
-37.1599, -9.7155, -1.9294
-37.4711,-10.2244, -0.6405
-38.6990,-10.7558, -2.5545
-38.6957,-11.2781,  0.0066
-37.3341,-11.7938,  2.8502
-36.8118,-12.2843,  1.0544
-36.1824,-12.7765,  1.2971
-35.2133,-13.2553,  1.9965
-33.7452,-13.7137,  3.0221
-32.7923,-14.1613,  1.9705
-32.5798,-14.6052,  0.4386
-31.2781,-15.0334,  2.7005
-31.1925,-15.4521,  0.1741
-30.7631,-15.8740,  0.8924
-29.5348,-16.2774,  2.5419
-29.3632,-16.6723,  0.3495
-28.5340,-17.0638,  1.7237
-26.8730,-17.4258,  3.3910
-26.4867,-17.7867,  0.7975
-25.6597,-18.1381,  1.7157
-24.4834,-18.4678,  2.4005
-22.7770,-18.7774,  3.5140
-21.4788,-19.0702,  2.6811
-19.6001,-19.3357,  3.8562
-17.8146,-19.5781,  3.6814
-16.1463,-19.7976,  3.4356
-14.2358,-19.9915,  3.9441
-11.4720,-20.1473,  5.6845
 -9.6854,-20.2789,  3.6791
 -8.1515,-20.3896,  3.1576
 -6.8171,-20.4827,  2.7603
 -5.9246,-20.5626,  1.8237
 -4.8278,-20.6284,  2.2661
 -3.6054,-20.6775,  2.5173
 -3.4768,-20.7246,  0.2642
 -2.6687,-20.7612,  1.6805
 -2.5525,-20.7957,  0.2380
 -1.5198,-20.8165,  2.1467
 -1.3925,-20.8352,  0.2588
 -0.7969,-20.8462,  1.2427
 -0.0946,-20.8475,  1.4428
 -0.0954,-20.8488, -0.0016
 -0.1022,-20.8502, -0.0141
  0.0000,-20.8502,  0.2117
  0.0885,-20.8490,  0.1842
  0.3505,-20.8443,  0.5345
  1.1282,-20.8291,  1.5858
  2.7099,-20.7922,  3.2639
  4.0618,-20.7373,  2.7692
  5.2837,-20.6652,  2.5246
  7.1145,-20.5687,  3.7609
  9.0456,-20.4459,  3.9749
  9.2370,-20.3202,  0.3946
 10.4834,-20.1763,  2.5920
 10.6769,-20.0326,  0.3947
 11.6035,-19.8734,  1.9264
 12.2294,-19.7086,  1.2777
 12.9543,-19.5322,  1.4958
 14.0477,-19.3416,  2.2472
 14.0634,-19.1504,  0.0323
 14.8320,-18.9456,  1.6083
 15.8337,-18.7334,  2.0338
 15.7270,-18.5208, -0.2185
 15.7860,-18.3027,  0.1235
 16.0659,-18.0850,  0.5745
 15.8583,-17.8694, -0.4277
 15.7213,-17.6563, -0.2813
 16.1488,-17.4354,  0.8858
 16.1525,-17.2163,  0.0075
 16.2609,-16.9939,  0.2247
 16.5775,-16.7699,  0.6481
 16.8604,-16.5408,  0.5825
 17.4195,-16.3039,  1.1518
 17.5130,-16.0684,  0.1905
 17.5405,-15.8275,  0.0572
 18.3879,-15.5758,  1.7573
 19.4352,-15.3159,  2.1222
 20.5350,-15.0368,  2.2649
 20.9366,-14.7517,  0.8287
 21.3814,-14.4586,  0.9238
 22.9187,-14.1469,  3.1673
 24.8153,-13.8128,  3.8687
 25.6934,-13.4638,  1.8074
 26.3293,-13.1056,  1.3106
 26.8257,-12.7401,  1.0250
 27.5407,-12.3667,  1.4687
 27.7574,-11.9893,  0.4464
 27.3314,-11.6143, -0.8854
 26.7451,-11.2502, -1.2094
 25.2248,-10.9109, -3.0986
 25.3664,-10.5663,  0.2914
 23.6241,-10.2419, -3.6248
 22.9626, -9.9327, -1.3493
 22.0332, -9.6331, -1.9149
 20.8619, -9.3491, -2.4160
 19.3973, -9.0858, -3.0123
 17.9932, -8.8412, -2.8927
 15.8645, -8.6255, -4.3836
 13.4884, -8.4427, -4.8810
 12.0204, -8.2789, -3.0306
  9.5903, -8.1485, -5.0044
  7.2797, -8.0499, -4.7445
  5.1665, -7.9796, -4.3553
  2.5834, -7.9445, -5.3173
  0.1576, -7.9424, -5.0139
  0.0000, -7.9424, -0.3250
 -2.7710, -7.9806, -5.7909
 -5.5095, -8.0538, -5.5118
 -7.8693, -8.1608, -4.8616
-11.3549, -8.3156, -7.2017
-15.6429, -8.5283, -8.8339
-18.7730, -8.7833, -6.4433
-20.0310, -9.0549, -2.5841
-21.6282, -9.3491, -3.2920
-25.1062, -9.6916, -7.1887
-26.9065,-10.0572, -3.7060
-27.4400,-10.4301, -1.0986
-28.5619,-10.8170, -2.3027
-31.2415,-11.2420, -5.5227
-32.3816,-11.6836, -2.3557
-31.5236,-12.1120,  1.7670
-32.3537,-12.5516, -1.7087
-33.8964,-13.0110, -3.1678
-34.5090,-13.4817, -1.2662
-34.2911,-13.9478,  0.4486
-35.1794,-14.4309, -1.8481
-37.6080,-14.9355, -4.9374
-37.9394,-15.4526, -0.6845
-37.9134,-15.9734,  0.0541
-38.9559,-16.5036, -2.1495
-39.9268,-17.0402, -1.9771
-39.9174,-17.5814,  0.0194
-40.4450,-18.1404, -1.1050
-42.0506,-18.7058, -3.2709
-41.9889,-19.2753,  0.1266
-41.6713,-19.8457,  0.6586
-41.5731,-20.4123,  0.2028
-41.6669,-20.9800, -0.1936
-41.3865,-21.5393,  0.5742
-41.8471,-22.1088, -0.9498
-41.1076,-22.6689,  1.5268
-41.3188,-23.2251, -0.4309
-41.9604,-23.7994, -1.3304
-43.3341,-24.3843, -2.8091
-44.8072,-24.9950, -3.0425
-46.2161,-25.6204, -2.8882
-49.2090,-26.2895, -6.1659
-50.3337,-26.9755, -2.3228
-52.1056,-27.6843, -3.6517
-54.1372,-28.4174, -4.1683
-55.8221,-29.1789, -3.4827
-56.4007,-29.9439, -1.1890
-55.4279,-30.6973,  2.0033
-55.0705,-31.4479,  0.7380
-55.3335,-32.2071, -0.5466
-53.2645,-32.9301,  4.2554
-50.9140,-33.6170,  4.8047
-48.9041,-34.2798,  4.1270
-46.1527,-34.9091,  5.6846
-42.0700,-35.4809,  8.4076
-38.8998,-36.0114,  6.5500
-36.3993,-36.5047,  5.1345
-35.1933,-36.9828,  2.4824
-33.3338,-37.4360,  3.8310
-31.4125,-37.8635,  3.9613
-28.3533,-38.2498,  6.3155
-26.7958,-38.6130,  3.1980
-25.6247,-38.9604,  2.4059
-24.2107,-39.2907,  2.9225
-23.3523,-39.6079,  1.7671
-22.4570,-39.9139,  1.8482
-21.4623,-40.2050,  2.0443
-18.4477,-40.4568,  6.2337
-16.5552,-40.6812,  3.8860
-15.4478,-40.8915,  2.2852
-14.5224,-41.0879,  1.8955
-13.3390,-41.2692,  2.4380
-11.5331,-41.4270,  3.7434
-10.4844,-41.5691,  2.1526
 -9.8902,-41.7034,  1.2231
 -8.8141,-41.8229,  2.2105
 -6.2945,-41.9088,  5.2079
 -5.1295,-41.9785,  2.3980
 -5.5434,-42.0539, -0.8526
 -3.3176,-42.0994,  4.6326
 -0.2232,-42.1024,  6.3094
  0.0000,-42.1024,  0.4627
  0.0000,-42.1024,  0.0000
  0.0000,-42.1024,  0.0000
  0.0068,-42.1023,  0.0140
  0.0000,-42.1023, -0.0138
  1.3762,-42.0831,  2.9087
  2.9612,-42.0442,  3.1552
  4.3431,-41.9848,  2.8646
  3.9577,-41.9316, -0.7859
  4.0107,-41.8763,  0.1105
  6.2198,-41.7918,  4.5511
  8.1217,-41.6821,  3.8909
  8.0303,-41.5736, -0.1870
  9.3735,-41.4442,  2.8082
 10.0775,-41.3086,  1.4353
 10.0741,-41.1712, -0.0069
 10.7007,-41.0241,  1.3052
 11.1796,-40.8738,  0.9756
  9.3036,-40.7467, -3.8822
 10.2672,-40.6078,  1.9754
 11.0652,-40.4580,  1.6365
 11.5654,-40.3000,  1.0356
 12.8582,-40.1261,  2.6482
 13.7028,-39.9391,  1.7465
 14.4784,-39.7432,  1.5904
 14.7115,-39.5419,  0.4833
 16.0576,-39.3227,  2.7834
 17.7325,-39.0833,  3.4266
 18.5330,-38.8322,  1.6437
 21.2383,-38.5427,  5.5870
 21.1908,-38.2555, -0.0975
 22.1403,-37.9487,  1.9931
 22.4430,-37.6495,  0.6117
 23.6650,-37.3235,  2.5506
 23.6996,-37.0055,  0.0704
 24.3355,-36.6682,  1.3354
 25.3065,-36.3310,  1.9602
 24.6778,-35.9945, -1.2989
 24.7684,-35.6587,  0.1861
 25.0245,-35.3141,  0.5343
 24.8654,-34.9772, -0.3267
 24.8101,-34.6388, -0.1144
 24.4330,-34.3082, -0.7730
 24.9903,-33.9670,  1.1528
 24.3478,-33.6400, -1.3074
 24.6913,-33.3036,  0.7093
 25.2241,-32.9581,  1.1057
 24.9206,-32.6227, -0.6187
 24.8603,-32.2810, -0.1258
 25.3989,-31.9350,  1.1115
 25.3827,-31.5944, -0.0329
 24.6457,-31.2530, -1.5470
 24.1153,-30.9318, -1.0702
 24.0695,-30.6031, -0.0948
 23.2849,-30.2836, -1.6311
 23.0647,-29.9731, -0.4491
 23.3576,-29.6537,  0.6068
 22.9652,-29.3404, -0.8110
 22.2834,-29.0373, -1.4052
 21.6778,-28.7466, -1.2301
 21.0141,-28.4616, -1.3640
 20.6047,-28.1806, -0.8459
 20.6828,-27.8963,  0.1625
 20.7889,-27.6135,  0.2188
 20.0270,-27.3429, -1.5600
 19.8242,-27.0743, -0.4163
 20.2307,-26.7975,  0.8428
 20.2129,-26.5218, -0.0368
 20.3239,-26.2445,  0.2294
 20.1304,-25.9720, -0.3970
 19.9107,-25.7030, -0.4496
 19.8468,-25.4313, -0.1326
 19.9274,-25.1612,  0.1655
 19.6982,-24.8927, -0.4734
 19.8392,-24.6238,  0.2896
 19.8378,-24.3533, -0.0029
 19.5697,-24.0872, -0.5524
 20.2748,-23.8119,  1.4508
 19.8913,-23.5448, -0.7803
 20.0698,-23.2686,  0.3722
 20.2313,-22.9940,  0.3321
 20.3284,-22.7169,  0.2006
 20.3684,-22.4408,  0.0823
 20.0409,-22.1650, -0.6831
 21.1152,-21.8815,  2.1850
 20.3449,-21.6078, -1.5707
 19.9496,-21.3375, -0.8113
 19.9675,-21.0632,  0.0373
 20.1104,-20.7872,  0.2972
 21.0265,-20.5023,  1.8802
 21.6486,-20.2117,  1.2655
 21.4737,-19.9189, -0.3615
 22.3571,-19.6132,  1.8305
 22.7273,-19.3058,  0.7584
 23.7139,-18.9816,  2.0435
 25.0311,-18.6431,  2.6992
 26.3263,-18.2868,  2.6562
 27.3876,-17.9133,  2.1927
 29.2226,-17.5173,  3.7681
 31.0480,-17.0939,  3.7715
 32.7284,-16.6503,  3.4505
 34.2059,-16.1837,  3.0539
 35.8550,-15.6978,  3.3863
 37.1289,-15.1917,  2.6309
 38.1839,-14.6740,  2.1671
 38.3836,-14.1504,  0.4129
 37.9512,-13.6314, -0.8960
 37.0874,-13.1244, -1.7891
 35.4157,-12.6502, -3.3916
 32.7596,-12.2034, -5.4877
 29.5567,-11.8042, -6.5552
 26.9178,-11.4372, -5.4521
 24.5930,-11.1018, -4.8034
 22.1653,-10.8003, -5.0035
 20.1679,-10.5281, -4.0845
 17.4646,-10.2897, -5.5898
 15.5148,-10.0788, -4.0169
 13.8899, -9.8895, -3.3558
 11.8402, -9.7287, -4.2158
  9.5638, -9.5990, -4.6802
  7.9427, -9.4911, -3.3356
  5.8287, -9.4115, -4.3730
  3.5995, -9.3626, -4.5889
  0.6941, -9.3532, -5.9709
  0.0000, -9.3532, -1.4299
 -0.8447, -9.3648, -1.7559
 -4.3828, -9.4240, -7.2381
 -7.5232, -9.5255, -6.4220
-11.1555, -9.6770, -7.4738
-15.0070, -9.8814, -7.9479
-18.7530,-10.1366, -7.7237
-21.9414,-10.4346, -6.5606
-24.7574,-10.7720, -5.8156
-26.8207,-11.1368, -4.2527
-27.9227,-11.5140, -2.2554
-27.6215,-11.8917,  0.6243
-27.0383,-12.2617,  1.2088
-26.7414,-12.6220,  0.6060
-25.4171,-12.9706,  2.7518
-24.3484,-13.2996,  2.1883
-23.5965,-13.6194,  1.5438
-22.7113,-13.9289,  1.8282
-22.5065,-14.2331,  0.4195
-22.9889,-14.5495, -1.0062
-23.3590,-14.8631, -0.7527
-22.9777,-15.1795,  0.7956
-23.9310,-15.5037, -1.9568
-24.6258,-15.8363, -1.4219
-24.2481,-16.1651,  0.7759
-23.9388,-16.4954,  0.6465
-24.0902,-16.8220, -0.3109
-23.7770,-17.1472,  0.6490
-23.3034,-17.4621,  0.9697
-23.4813,-17.7815, -0.3667
-22.7829,-18.0913,  1.4388
-21.2968,-18.3789,  3.0415
-19.3163,-18.6414,  4.0769
-17.2538,-18.8759,  4.2474
-15.0240,-19.0795,  4.5785
-12.5011,-19.2501,  5.2169
-10.8525,-19.3971,  3.3839
 -9.2473,-19.5232,  3.3152
 -7.4576,-19.6243,  3.6778
 -5.6243,-19.7011,  3.7910
 -4.5780,-19.7630,  2.1449
 -3.4938,-19.8106,  2.2391
 -2.9661,-19.8507,  1.0808
 -1.5119,-19.8714,  3.0119
  0.0000,-19.8714,  3.1045
  0.0000,-19.8714,  0.0000
  0.0000,-19.8714,  0.0000
  0.1716,-19.8690,  0.3548
  1.6673,-19.8466,  3.0473
  2.9477,-19.8065,  2.6378
  4.4883,-19.7458,  3.1608
  5.8954,-19.6653,  2.9097
  7.5382,-19.5632,  3.3719
  9.6926,-19.4310,  4.4529
 10.8038,-19.2846,  2.2819
 11.7575,-19.1249,  1.9623
 13.7791,-18.9374,  4.1665
 16.1702,-18.7169,  4.9402
 19.8400,-18.4473,  7.5572
 22.8898,-18.1358,  6.2884
 25.0793,-17.7958,  4.4977
 28.5214,-17.4073,  7.1029
 31.2803,-16.9815,  5.6908
 34.2118,-16.5169,  6.0321
 36.2200,-16.0262,  4.1218
 39.5113,-15.4872,  6.8031
 43.2906,-14.9037,  7.7186
 47.5553,-14.2517,  8.8584
 51.6248,-13.5518,  8.3596
 54.7845,-12.8050,  6.5257
 57.0323,-12.0321,  4.6156
 60.2579,-11.2108,  6.6616
 62.9894,-10.3557,  5.6181
 64.3214, -9.4793,  2.7498
 65.0934, -8.5979,  1.5840
 65.4423, -7.7051,  0.7211
 65.2124, -6.8126, -0.4768
 64.3128, -5.9356, -1.8588
 62.0263, -5.1030, -4.6504
 60.0275, -4.2848, -4.1281
 58.9119, -3.4864, -2.2906
 56.9897, -2.7092, -3.9716
 56.1394, -1.9453, -1.7532
 55.4783, -1.1916, -1.3607
 53.0607, -0.4707, -4.9767
 50.9972,  0.2247, -4.2632
 50.8331,  0.9171, -0.3386
 50.2006,  1.6013, -1.3064
 49.0319,  2.2614, -2.3838
 48.1503,  2.9178, -1.8208
 46.7860,  3.5521, -2.8026
 45.7383,  4.1758, -2.1645
 44.2611,  4.7756, -3.0333
 42.8976,  5.3601, -2.8147
 41.7637,  5.9263, -2.3295
 41.2882,  6.4896, -0.9827
 41.9506,  7.0640,  1.3742
 40.8094,  7.6145, -2.3328
 39.8064,  8.1542, -2.0604
 38.9343,  8.6865, -1.8064
 37.8475,  9.1979, -2.2250
 38.1925,  9.7211,  0.7160
 37.2556, 10.2287, -1.9341
 35.2961, 10.7062, -4.0170
 33.1757, 11.1553, -4.3485
 31.2591, 11.5814, -3.9584
 28.0395, 11.9601, -6.5893
 25.3042, 12.3070, -5.6815
 23.1056, 12.6185, -4.4904
 21.6069, 12.9142, -3.1078
 19.3949, 13.1768, -4.5385
 18.0459, 13.4234, -2.7927
 16.9281, 13.6526, -2.2934
 16.4175, 13.8763, -1.0543
 15.0914, 14.0808, -2.7230
 14.0519, 14.2732, -2.1564
 12.7249, 14.4450, -2.7136
 12.2513, 14.6120, -0.9781
 11.2285, 14.7655, -2.1194
  9.3589, 14.8920, -3.8294
  7.5591, 14.9945, -3.6973
  6.8179, 15.0875, -1.5313
  4.7353, 15.1516, -4.2748
  3.7735, 15.2031, -1.9887
  4.3375, 15.2619,  1.1566
  1.6124, 15.2838, -5.6163
  0.5334, 15.2910, -2.2167
  0.0000, 15.2910, -1.1065
  0.0000, 15.2910,  0.0000
 -0.5209, 15.2839, -1.0748
 -1.6423, 15.2619, -2.2809
 -2.4251, 15.2290, -1.6074
 -3.9340, 15.1754, -3.1175
 -3.7891, 15.1239,  0.2984
 -3.6302, 15.0742,  0.3293
 -4.9500, 15.0069, -2.7188
 -4.8203, 14.9420,  0.2646
 -4.3576, 14.8820,  0.9642
 -5.7356, 14.8041, -2.8353
 -6.3641, 14.7184, -1.2832
 -6.8068, 14.6261, -0.9093
 -7.5313, 14.5228, -1.5062
 -8.8248, 14.4042, -2.6330
 -9.7477, 14.2710, -1.9106
-10.0686, 14.1346, -0.6591
-11.4890, 13.9763, -2.9636
-12.3983, 13.8099, -1.8494
-12.7371, 13.6368, -0.6976
-13.8702, 13.4463, -2.3573
-14.5798, 13.2502, -1.4464
-16.0739, 13.0316, -3.0792
-17.4973, 12.7938, -2.9313
-18.1321, 12.5473, -1.3072
-19.5108, 12.2811, -2.8498
-21.3854, 11.9912, -3.8507
-22.7457, 11.6812, -2.8095
-24.5988, 11.3488, -3.7940
-26.5013, 10.9872, -3.9325
-28.3099, 10.6021, -3.7275
-29.7843, 10.1963, -3.0437
-31.1555,  9.7753, -2.8074
-32.3132,  9.3349, -2.3911
-31.3528,  8.9086,  1.9786
-29.3338,  8.5089,  4.1682
-27.0104,  8.1437,  4.7589
-24.5629,  7.8075,  5.0755
-21.4506,  7.5171,  6.3855
-18.9484,  7.2587,  5.1699
-17.0821,  7.0270,  3.8354
-14.2530,  6.8321,  5.8620
-12.4219,  6.6649,  3.7336
-11.0096,  6.5142,  2.9299
 -9.3444,  6.3877,  3.4151
 -7.8597,  6.2807,  3.0613
 -6.8268,  6.1883,  2.1201
 -4.9646,  6.1202,  3.8647
 -2.4786,  6.0867,  5.1007
 -0.1615,  6.0845,  4.7874
  0.0000,  6.0845,  0.3336
  1.8326,  6.1100,  3.8656
  5.8780,  6.1877,  8.1045
 10.1635,  6.3264,  8.8614
 15.4035,  6.5352, 10.7599
 21.3745,  6.8266, 12.3366
 26.1022,  7.1804,  9.7077
 30.1571,  7.5926,  8.3986
 33.0593,  8.0392,  5.9396
 34.6233,  8.5117,  3.2341
 34.7480,  8.9822,  0.2558
 34.7301,  9.4618, -0.0375
 34.6976,  9.9338, -0.0669
 34.6090, 10.4073, -0.1838
 33.7212, 10.8596, -1.8040
 33.8617, 11.3178,  0.2879
 34.9849, 11.7960,  2.3264
 36.2912, 12.2862,  2.6734
 37.5800, 12.7953,  2.6453
 38.7637, 13.3239,  2.4457
 39.5981, 13.8607,  1.7141
 40.7596, 14.4170,  2.4016
 41.0195, 14.9725,  0.5334
 41.4830, 15.5439,  0.9674
 42.1505, 16.1149,  1.3701
 41.7022, 16.6782, -0.9175
 41.4143, 17.2451, -0.5972
 40.9331, 17.8030, -0.9938
 39.9845, 18.3460, -1.9518
 39.4784, 18.8784, -1.0339
 39.0394, 19.4070, -0.9007
 38.8883, 19.9428, -0.3155
 40.1292, 20.4879,  2.5544
 40.0819, 21.0278, -0.0965
 39.5036, 21.5722, -1.2076
 39.8358, 22.1067,  0.6755
 39.0063, 22.6402, -1.7188
 38.0751, 23.1547, -1.9067
 37.5204, 23.6632, -1.1389
 36.6542, 24.1628, -1.7889
 36.0980, 24.6522, -1.1427
 34.5433, 25.1231, -3.2107
 33.9810, 25.5836, -1.1546
 33.1171, 26.0354, -1.7858
 30.4623, 26.4492, -5.4649
 29.7107, 26.8525, -1.5458
 28.7006, 27.2418, -2.0759
 28.4015, 27.6291, -0.6179
 28.2918, 28.0176, -0.2282
 27.8827, 28.3967, -0.8430
 27.6670, 28.7712, -0.4423
 26.4863, 29.1327, -2.4415
 26.6371, 29.4902,  0.3068
 25.3562, 29.8391, -2.6704
 26.5850, 30.1960,  2.4991
 25.0236, 30.5372, -3.2258
 23.2956, 30.8546, -3.5674
 23.3711, 31.1718,  0.1553
 22.0443, 31.4735, -2.7515
 20.7908, 31.7544, -2.5665
 21.4561, 32.0451,  1.3657
 19.8442, 32.3157, -3.3304
 17.8315, 32.5566, -4.1211
 16.4268, 32.7805, -2.8997
 15.2253, 32.9876, -2.4763
 15.2398, 33.1958,  0.0299
 16.7073, 33.4254,  3.0557
 15.7410, 33.6365, -1.9638
 14.8259, 33.8374, -1.8783
 13.3591, 34.0200, -3.0380
 12.6376, 34.1908, -1.4779
 12.3402, 34.3592, -0.6145
 13.5345, 34.5450,  2.4846
 12.3794, 34.7121, -2.3621
 11.3581, 34.8657, -2.0919
 10.7528, 35.0122, -1.2494
  8.6193, 35.1288, -4.3755
  8.5858, 35.2466, -0.0698
  7.4800, 35.3492, -2.2978
  7.1046, 35.4445, -0.7632
  6.8692, 35.5384, -0.4876
  5.1652, 35.6090, -3.5249
  3.3156, 35.6533, -3.7494
  2.4706, 35.6871, -1.7500
  2.1186, 35.7158, -0.7229
  0.4810, 35.7224, -3.4181
  0.3361, 35.7270, -0.2967
  0.0000, 35.7270, -0.6926
  0.0000, 35.7270,  0.0000
  0.0000, 35.7270,  0.0000
 -0.6456, 35.7182, -1.3345
 -2.1210, 35.6897, -3.0057
 -2.8236, 35.6514, -1.4422
 -2.8741, 35.6123, -0.1042
 -2.5328, 35.5775,  0.7099
 -3.4221, 35.5310, -1.8313
 -4.4522, 35.4713, -2.0935
 -4.8815, 35.4047, -0.8875
 -5.3508, 35.3310, -0.9789
 -5.3298, 35.2588,  0.0432
 -4.9443, 35.1910,  0.8006
 -6.5578, 35.1026, -3.2940
 -6.5540, 35.0143,  0.0079
 -5.5936, 34.9371,  2.0086
 -6.3272, 34.8523, -1.4897
 -7.1841, 34.7548, -1.7625
 -7.1040, 34.6582,  0.1651
 -7.2389, 34.5589, -0.2803
 -8.3313, 34.4459, -2.2441
 -8.7799, 34.3278, -0.9142
 -8.8340, 34.2057, -0.1133
-10.1305, 34.0689, -2.6534
 -9.4963, 33.9407,  1.2974
 -9.5214, 33.8112, -0.0518
 -9.5387, 33.6791, -0.0363
-10.2707, 33.5399, -1.5037
 -9.7930, 33.4088,  0.9685
 -9.7150, 33.2755,  0.1620
-10.5408, 33.1319, -1.7047
-10.5886, 32.9897, -0.0974
-10.7188, 32.8421, -0.2717
-10.0122, 32.7064,  1.4509
-11.2857, 32.5544, -2.5988
-11.3425, 32.4008, -0.1165
-11.2669, 32.2456,  0.1577
-11.1067, 32.0947,  0.3299
-11.1725, 31.9433, -0.1350
-10.6984, 31.7973,  0.9803
-11.3404, 31.6432, -1.3215
-10.2620, 31.5051,  2.1997
-10.0995, 31.3678,  0.3346
-10.2926, 31.2265, -0.4017
-10.9578, 31.0776, -1.3699
-10.5121, 30.9360,  0.9095
-11.4337, 30.7796, -1.9103
-11.3221, 30.6263,  0.2288
-11.7317, 30.4656, -0.8500
-11.0715, 30.3148,  1.3624
-11.3383, 30.1629, -0.5419
-12.0750, 29.9968, -1.5352
-11.8566, 29.8370,  0.4460
-12.5249, 29.6656, -1.3860
-12.2643, 29.4995,  0.5350
-12.6370, 29.3266, -0.7725
-12.3128, 29.1591,  0.6682
-12.8141, 28.9855, -1.0289
-11.7431, 28.8264,  2.1992
-11.7218, 28.6677,  0.0436
-11.7667, 28.5051, -0.0940
-11.7716, 28.3451, -0.0101
-11.5073, 28.1886,  0.5446
-11.9987, 28.0260, -1.0091
-12.4080, 27.8594, -0.8329
-11.9352, 27.6957,  0.9825
-11.9412, 27.5339, -0.0125
-11.8137, 27.3712,  0.2660
-11.6204, 27.2148,  0.3942
-10.9590, 27.0658,  1.3620
-10.6727, 26.9217,  0.5858
-11.2107, 26.7682, -1.1167
-11.8163, 26.6096, -1.2312
-11.5186, 26.4526,  0.6148
-11.6412, 26.2934, -0.2541
-11.8781, 26.1314, -0.4894
-12.5446, 25.9613, -1.3692
-12.1569, 25.7970,  0.7937
-12.9594, 25.6193, -1.6675
-13.1712, 25.4419, -0.4322
-13.1016, 25.2620,  0.1448
-12.9860, 25.0855,  0.2380
-13.5055, 24.9019, -1.0698
-13.8720, 24.7153, -0.7473
-14.1034, 24.5219, -0.4807
-14.1597, 24.3291, -0.1162
-13.5751, 24.1446,  1.2039
-12.6373, 23.9744,  1.9130
-13.1196, 23.7966, -0.9903
-12.6103, 23.6228,  1.0638
-11.9069, 23.4627,  1.4331
-10.5208, 23.3197,  2.8531
-10.1906, 23.1812,  0.6803
 -9.3673, 23.0525,  1.7137
 -9.2138, 22.9284,  0.3133
 -8.7752, 22.8080,  0.9113
 -6.9733, 22.7132,  3.7123
 -6.0094, 22.6324,  1.9654
 -6.6187, 22.5424, -1.2547
 -6.1374, 22.4589,  0.9920
 -5.3715, 22.3850,  1.5967
 -4.7288, 22.3215,  1.3083
 -5.1799, 22.2511, -0.9282
 -5.5594, 22.1748, -0.7894
 -6.5239, 22.0858, -1.9945
 -7.1020, 21.9906, -1.1734
 -8.4463, 21.8757, -2.7706
 -9.8428, 21.7418, -2.8782
-10.5357, 21.5985, -1.4287
-11.7847, 21.4389, -2.5626
-13.1341, 21.2603, -2.7799
-13.8455, 21.0722, -1.4645
-14.0546, 20.8805, -0.4321
-15.5656, 20.6669, -3.1411
-16.2024, 20.4491, -1.2969
-15.9226, 20.2322,  0.5778
-16.5795, 20.0047, -1.3657
-17.7489, 19.7654, -2.3891
-18.0268, 19.5215, -0.5699
-17.7076, 19.2777,  0.6657
-18.0054, 19.0337, -0.6113
-18.8838, 18.7756, -1.8194
-18.6017, 18.5256,  0.5743
-18.6416, 18.2699, -0.0829
-18.2392, 18.0204,  0.8339
-18.1429, 17.7739,  0.1983
-18.9568, 17.5174, -1.6686
-19.2203, 17.2590, -0.5366
-18.8726, 16.9997,  0.7240
-19.8782, 16.7288, -2.0759
-20.7564, 16.4502, -1.7863
-21.0167, 16.1654, -0.5345
-22.6193, 15.8552, -3.3301
-25.3566, 15.5154, -5.5583
-27.7874, 15.1355, -5.0345
-30.2246, 14.7244, -5.0232
-32.5154, 14.2826, -4.7156
-34.5023, 13.8133, -4.0951
-36.2778, 13.3204, -3.6547
-36.8308, 12.8180, -1.1431
-37.0623, 12.3147, -0.4763
-36.8825, 11.8082,  0.3741
-35.0304, 11.3315,  3.8187
-32.4798, 10.8946,  5.1986
-29.6402, 10.4916,  5.8501
-26.9039, 10.1256,  5.6395
-24.5025,  9.7927,  4.9433
-21.3653,  9.5022,  6.4632
-20.4795,  9.2240,  1.8233
-20.0545,  8.9506,  0.8779
-19.5610,  8.6829,  1.0233
-19.4259,  8.4219,  0.2750
-19.5761,  8.1527, -0.3131
-19.9882,  7.8809, -0.8490
-19.7252,  7.6126,  0.5422
-19.4829,  7.3478,  0.4990
-19.2964,  7.0853,  0.3843
-17.9280,  6.8416,  2.8180
-16.5452,  6.6190,  2.8196
-14.4006,  6.4233,  4.4164
-11.7037,  6.2635,  5.5789
 -8.9503,  6.1423,  5.6492
 -6.9835,  6.0472,  4.0586
 -5.1381,  5.9774,  3.7940
 -2.9600,  5.9371,  4.4966
 -0.5735,  5.9293,  4.9024
  0.0000,  5.9293,  1.1892
  0.2688,  5.9330,  0.5591
  2.7671,  5.9704,  5.1151
  5.2214,  6.0409,  5.0229
  7.7257,  6.1463,  5.1721
 11.5167,  6.3023,  7.7844
 15.5912,  6.5144,  8.3975
 20.6203,  6.7947, 10.3566
 25.0292,  7.1356,  9.0980
 29.4513,  7.5354,  9.0952
 32.9409,  7.9834,  7.1921
 35.0338,  8.4594,  4.3084
 34.6850,  8.9308, -0.7183
 34.2523,  9.4008, -0.8996
 33.1774,  9.8521, -2.2153
 31.1777, 10.2702, -4.0638
 28.9003, 10.6632, -4.6919
 27.7449, 11.0415, -2.3871
 26.0737, 11.3964, -3.4457
 24.5187, 11.7295, -3.2010
 22.8279, 12.0399, -3.4833
 21.3889, 12.3308, -2.9658
 20.5227, 12.6095, -1.7824
 19.8780, 12.8799, -1.3288
 18.6809, 13.1338, -2.4651
 17.0642, 13.3661, -3.3349
 16.0485, 13.5841, -2.0897
 15.5880, 13.7962, -0.9495
 15.0687, 14.0026, -1.0779
 14.4951, 14.1980, -1.1715
 12.4159, 14.3666, -4.2781
 10.3044, 14.5069, -4.3555
  7.9543, 14.6146, -4.8197
  6.4946, 14.7032, -3.0171
  4.8196, 14.7687, -3.4493
  2.9802, 14.8092, -3.7878
  1.1713, 14.8251, -3.7267
  0.0000, 14.8251, -2.4022
  0.0000, 14.8251,  0.0000
 -1.2091, 14.8086, -2.4981
 -2.9305, 14.7694, -3.4894
 -5.4296, 14.6952, -5.1740
 -7.2190, 14.5975, -3.6682
 -8.4223, 14.4826, -2.4872
-10.3045, 14.3430, -3.8632
-11.4995, 14.1859, -2.4751
-12.6823, 14.0144, -2.4227
-14.5332, 13.8162, -3.8243
-16.2430, 13.5970, -3.4963
-17.8743, 13.3523, -3.3843
-19.2716, 13.0913, -2.8668
-21.3468, 12.8010, -4.2752
-23.3272, 12.4837, -4.0817
-26.1471, 12.1273, -5.8238
-29.1923, 11.7317, -6.2530
-33.6153, 11.2746, -9.1121
-37.0211, 10.7731, -6.9905
-40.8801, 10.2136, -8.0026
-44.6414,  9.6084, -7.7265
-48.0541,  8.9547, -7.0336
-51.2250,  8.2616, -6.5003
-53.7758,  7.5277, -5.2745
-54.9177,  6.7804, -2.3545
-55.6404,  6.0229, -1.4907
-56.3914,  5.2612, -1.5371
-55.4257,  4.5048,  1.9970
-54.6185,  3.7609,  1.6657
-52.6982,  3.0438,  3.9593
-50.9993,  2.3523,  3.4900
-49.6754,  1.6749,  2.7354
-47.7735,  1.0277,  3.9037
-46.0172,  0.4000,  3.6301
-45.7971, -0.2230,  0.4537
-45.6557, -0.8466,  0.2926
-45.2086, -1.4598,  0.9188
-45.8127, -2.0845, -1.2481
-46.4198, -2.7073, -1.2342
-46.1967, -3.3399,  0.4628
-46.9428, -3.9818, -1.5459
-47.1287, -4.6163, -0.3792
-46.6634, -5.2586,  0.9704
-46.7375, -5.8923, -0.1522
-45.6927, -6.5154,  2.1588
-44.8065, -7.1171,  1.8031
-43.2455, -7.7046,  3.2133
-41.5145, -8.2707,  3.5766
-40.3476, -8.8155,  2.3871
-38.5321, -9.3431,  3.7663
-36.4491, -9.8371,  4.2772
-36.2386,-10.3310,  0.4348
-36.6247,-10.8323, -0.8006
-36.7823,-11.3324, -0.3248
-35.0839,-11.8097,  3.5005
-35.2584,-12.2838, -0.3555
-35.3301,-12.7671, -0.1487
-36.2477,-13.2624, -1.8997
-35.7795,-13.7419,  0.9506
-36.6341,-14.2476, -1.7874
-37.0442,-14.7449, -0.8341
-36.9967,-15.2539,  0.0990
-36.4091,-15.7508,  1.2150
-35.6155,-16.2289,  1.6140
-34.7862,-16.7003,  1.7029
-34.2654,-17.1689,  1.0792
-32.5469,-17.6088,  3.5184
-30.4287,-18.0242,  4.3819
-27.4019,-18.3953,  6.2100
-26.4506,-18.7571,  1.9719
-24.3607,-19.0860,  4.2756
-23.1833,-19.4028,  2.4376
-22.2796,-19.7039,  1.8503
-21.6870,-19.9973,  1.2148
-21.4391,-20.2893,  0.5115
-20.9252,-20.5784,  1.0757
-21.1682,-20.8624, -0.4939
-20.5050,-21.1446,  1.3826
-19.6566,-21.4079,  1.7220
-19.4171,-21.6734,  0.4962
-18.5132,-21.9268,  1.8744
-19.5025,-22.1891, -2.0162
-19.0909,-22.4488,  0.8482
-19.5490,-22.7170, -0.9523
-19.3417,-22.9789,  0.4253
-20.0114,-23.2531, -1.3906
-19.2507,-23.5116,  1.5477
-18.9646,-23.7693,  0.5890
-19.0623,-24.0308, -0.2030
-18.9636,-24.2895,  0.2038
-18.9269,-24.5453,  0.0753
-17.3353,-24.7841,  3.3220
-15.5146,-24.9908,  3.6753
-14.9961,-25.1953,  1.0714
-16.6700,-25.4217, -3.4457
-16.8776,-25.6511, -0.4276
-15.0974,-25.8579,  3.6947
-15.4375,-26.0667, -0.6969
-15.4719,-26.2778, -0.0710
-13.7301,-26.4664,  3.6253
-13.8601,-26.6510, -0.2625
-15.3149,-26.8621, -3.0378
-14.6162,-27.0582,  1.4204
-13.9325,-27.2482,  1.4126
-14.6459,-27.4465, -1.4631
-14.9894,-27.6510, -0.7103
-13.4156,-27.8346,  3.2624
-14.7701,-28.0334, -2.7629
-14.8437,-28.2352, -0.1517
-14.1320,-28.4298,  1.4845
-15.0675,-28.6320, -1.9028
-15.2239,-28.8397, -0.3232
-13.9869,-29.0311,  2.5641
-13.9047,-29.2183,  0.1677
-14.5323,-29.4184, -1.3094
-14.4333,-29.6126,  0.2019
-15.3083,-29.8215, -1.8086
-14.7798,-30.0218,  1.0852
-15.7315,-30.2350, -1.9550
-16.5477,-30.4606, -1.6858
-17.5561,-30.6978, -2.0647
-17.8872,-30.9417, -0.6837
-18.3553,-31.1938, -0.9744
-18.8785,-31.4510, -1.0800
-18.7874,-31.7034,  0.1854
-19.0069,-31.9641, -0.4561
-19.6213,-32.2308, -1.2652
-20.4874,-32.5075, -1.7727
-20.5800,-32.7856, -0.1895
-20.9007,-33.0732, -0.6685
-21.3278,-33.3632, -0.8801
-21.6285,-33.6595, -0.6241
-23.1272,-33.9706, -3.0544
-23.7205,-34.2910, -1.2142
-24.0172,-34.6173, -0.6108
-24.5251,-34.9542, -1.0571
-25.2447,-35.2945, -1.4696
-26.6718,-35.6580, -2.9473
-27.1104,-36.0251, -0.9000
-28.3138,-36.4152, -2.5118
-28.8137,-36.8018, -1.0162
-29.5647,-37.2066, -1.5581
-29.1865,-37.6004,  0.7731
-28.5551,-37.9952,  1.3229
-28.9507,-38.3820, -0.8010
-29.2993,-38.7858, -0.7280
-29.3592,-39.1832, -0.1228
-30.1049,-39.5949, -1.5451
-30.1550,-39.9973, -0.1014
-30.5289,-40.4191, -0.7825
-30.7105,-40.8339, -0.3718
-31.0565,-41.2597, -0.7185
-30.1564,-41.6675,  1.8443
-32.2400,-42.1016, -4.2502
-32.7065,-42.5459, -0.9602
-32.6244,-42.9939,  0.1708
-33.5918,-43.4491, -1.9865
-34.2067,-43.9131, -1.2636
-33.8963,-44.3719,  0.6366
-32.9350,-44.8254,  2.0056
-31.6112,-45.2512,  2.7015
-31.5171,-45.6796,  0.1938
-32.1618,-46.1194, -1.3357
-33.6317,-46.5722, -2.9985
-31.6371,-47.0039,  4.1244
-33.3645,-47.4561, -3.5469
-33.5880,-47.9136, -0.4614
-34.5700,-48.3867, -2.0363
-35.8486,-48.8693, -2.6082
-37.6958,-49.3823, -3.8087
-39.3699,-49.9159, -3.4374
-40.8842,-50.4727, -3.1250
-41.5128,-51.0367, -1.2939
-41.1498,-51.5980,  0.7502
-39.6424,-52.1410,  3.1286
-39.4353,-52.6750,  0.4249
-40.7458,-53.2288, -2.6989
-39.1185,-53.7588,  3.3401
-39.5179,-54.2954, -0.8218
-41.8095,-54.8705, -4.7755
-43.1865,-55.4492, -2.7960
-43.9926,-56.0494, -1.6661
-45.3437,-56.6641, -2.7754
-44.2142,-57.2668,  2.3326
-39.8749,-57.8092,  8.9435
-35.9583,-58.3000,  8.0987
-32.3780,-58.7373,  7.3274
-32.2532,-59.1769,  0.2578
-32.6686,-59.6250, -0.8632
-32.5879,-60.0681,  0.1664
-32.9784,-60.5139, -0.7999
-36.4350,-61.0120, -7.1594
-38.2860,-61.5259, -3.7647
-40.8359,-62.0814, -5.2554
-42.1120,-62.6533, -2.6258
-42.1120,-63.2278,  0.0000
-41.1510,-63.7963,  2.0116
-38.9416,-64.3171,  4.4769
-38.6895,-64.8412,  0.5175
-39.6769,-65.3875, -2.0602
-39.4130,-65.9164,  0.5366
-40.9811,-66.4805, -3.2704
-42.5047,-67.0523, -3.1053
-40.5045,-67.6039,  4.1275
-38.2989,-68.1227,  4.5269
-38.0769,-68.6430,  0.4597
-38.8715,-69.1748, -1.6471
-37.6599,-69.6825,  2.4745
-38.7271,-70.2058, -2.1851
-37.8653,-70.7249,  1.7901
-37.8612,-71.2367,  0.0085
-40.3510,-71.7942, -5.2118
-42.1960,-72.3583, -3.7368
-40.2037,-72.9085,  4.1315
-38.3641,-73.4271,  3.7680
-38.8989,-73.9574, -1.1046
-36.5921,-74.4531,  4.7348
-38.2370,-74.9715, -3.3790
-41.4598,-75.5352, -6.6394
-42.5933,-76.1158, -2.3411
-43.2533,-76.7032, -1.3580
-44.0287,-77.3055, -1.6073
-42.3127,-77.8778,  3.5163
-42.4206,-78.4560, -0.2227
-42.2428,-79.0354,  0.3693
-43.9269,-79.6309, -3.4595
-44.4349,-80.0000, -1.0362
-44.4484,-80.0000, -0.0280
-45.6800,-80.0000, -2.5591
-43.9022,-80.0000,  3.6323
-42.5693,-80.0000,  2.7461
-43.9995,-80.0000, -2.9441
-46.2040,-80.0000, -4.5341
-45.6389,-80.0000,  1.1651
-46.2229,-80.0000, -1.1998
-44.9054,-80.0000,  2.7310
-44.8885,-80.0000,  0.0346
-44.3710,-80.0000,  1.0878
-45.9901,-80.0000, -3.2671
-48.2193,-80.0000, -4.6208
-50.2803,-80.0000, -4.2198
-53.9725,-80.0000, -7.6316
-54.8332,-80.0000, -1.7717
-54.5093,-80.0000,  0.6695
-55.1108,-80.0000, -1.2442
-52.7521,-80.0000,  4.8212
-51.6847,-80.0000,  2.1928
-51.8308,-80.0000, -0.3018
-54.0030,-80.0000, -4.5081
-55.7839,-80.0000, -3.6418
-59.3823,-80.0000, -7.4042
-60.4163,-80.0000, -2.1319
-61.8776,-80.0000, -3.0007
-63.4025,-80.0000, -3.1493
-66.8313,-80.0000, -7.0900
-65.8001,-80.0000,  2.1184
-62.0928,-80.0000,  7.6157
-61.1295,-80.0000,  1.9926
-62.6939,-80.0000, -3.2124
-64.7936,-80.0000, -4.3275
-66.7764,-80.0000, -4.0714
-74.5565,-80.0000,-16.0744
-79.9886,-80.0000,-11.1497
-80.1492,-80.0000, -0.3323
-83.9609,-80.0000, -7.9109
-92.8075,-80.0000,-18.0755
-89.3801,-80.0000,  7.0436
-84.7856,-80.0000,  9.4926
-78.7695,-80.0000, 12.3842
-81.1977,-80.0000, -5.0129
-82.7887,-80.0000, -3.2616
-81.3915,-80.0000,  2.8857
-85.8459,-80.0000, -9.1428
-85.9531,-80.0000, -0.2223
-81.7076,-80.0000,  8.7753
-84.8700,-80.0000, -6.5072
-94.3923,-80.0000,-19.4319
-95.5259,-80.0000, -2.3430
-89.1869,-80.0000, 13.0539
-89.5546,-80.0000, -0.7611
-93.0666,-80.0000, -7.2710
-95.7387,-80.0000, -5.4461
-100.3902,-80.0000, -9.6066